data,desemprego_nsa,desemprego_sa,indicador_made,acionado
1980-01,15.6819,14.6366,,
1980-02,15.403,13.972,,
1980-03,15.5318,13.7631,,
1980-04,14.073,13.0282,,
1980-05,14.4162,13.7218,,
1980-06,14.1159,13.8547,,
1980-07,14.0301,13.8138,,
1980-08,13.9872,13.8947,,
1980-09,13.0433,13.775,,
1980-10,12.9574,14.1119,,
1980-11,12.464,14.3165,,
1980-12,11.6274,14.6438,,
1981-01,16.3684,15.3296,,
1981-02,16.9476,15.4235,,
1981-03,17.6341,15.6421,1.9607,1
1981-04,17.9774,16.6358,2.3961,1
1981-05,17.5054,16.6455,2.8035,1
1981-06,17.1407,16.779,3.1519,1
1981-07,17.7199,17.461,3.1651,1
1981-08,17.9345,17.7957,3.5174,1
1981-09,16.6044,17.4763,3.7498,1
1981-10,16.1324,17.5421,3.6775,1
1981-11,16.4328,18.8209,3.8786,1
1981-12,14.9525,18.7834,4.0247,1
1982-01,19.6936,18.6034,3.9726,1
1982-02,17.4196,15.9631,2.651,1
1982-03,17.5698,15.6333,1.2682,1
1982-04,14.3519,13.2611,-0.948,0
1982-05,15.446,14.6578,-0.4351,0
1982-06,14.8882,14.5063,-0.3757,0
1982-07,14.8024,14.5672,0.4354,1
1982-08,14.4162,14.2814,0.3099,1
1982-09,13.601,14.2159,0.2131,0
1982-10,12.8716,13.9682,0.0134,0
1982-11,11.9063,13.5855,-0.2185,0
1982-12,10.9194,13.695,-0.1736,0
1983-01,15.446,14.8074,0.2797,0
1983-02,16.0252,14.7843,0.6793,1
1983-03,17.2694,15.4363,1.2598,1
1983-04,17.3338,16.0373,1.6698,1
1983-05,16.8189,15.9029,2.0426,1
1983-06,16.5829,16.0469,2.2461,1
1983-07,16.3255,16.0114,2.2375,1
1983-08,16.5615,16.3487,2.3861,1
1983-09,16.7546,17.3456,2.819,1
1983-10,16.0895,17.4037,3.2831,1
1983-11,15.4245,17.5786,3.6931,1
1983-12,14.2661,17.9292,3.8876,1
1984-01,17.5269,17.055,3.4917,1
1984-02,18.7497,17.4447,3.0474,1
1984-03,19.6721,17.6942,2.3886,1
1984-04,19.1144,17.715,2.1987,1
1984-05,19.9939,18.8175,2.2834,1
1984-06,18.8784,18.1315,2.2343,1
1984-07,17.9559,17.5261,2.1713,1
1984-08,17.8701,17.5597,1.6035,1
1984-09,16.3899,16.7926,0.7242,1
1984-10,15.639,16.852,0.0354,0
1984-11,14.8882,16.9672,-0.1975,0
1984-12,13.0433,16.4586,-0.1114,0
1985-01,15.2529,15.0674,-0.5949,0
1985-02,15.5532,14.5563,-0.8036,0
1985-03,15.4889,13.9948,-0.8212,0
1985-04,14.8024,13.794,-0.4245,0
1985-05,14.0944,13.2066,-0.4499,0
1985-06,13.4294,12.818,-0.3923,0
1985-07,12.8073,12.4434,-0.4502,0
1985-08,11.9492,11.6582,-0.5161,0
1985-09,11.1769,11.3589,-0.4863,0
1985-10,10.0613,10.8012,-0.5474,0
1985-11,9.2676,10.5902,-0.356,0
1985-12,8.0662,10.2274,-0.3772,0
1986-01,10.0399,10.0153,-0.262,0
1986-02,10.7049,10.0674,-0.1743,0
1986-03,10.4475,9.4657,-0.2539,0
1986-04,9.8039,9.1811,-0.2781,0
1986-05,9.5894,8.9569,-0.3702,0
1986-06,8.9243,8.4795,-0.3288,0
1986-07,8.5596,8.2956,-0.2952,0
1986-08,8.2593,8.021,-0.312,0
1986-09,7.6586,7.74,-0.2465,0
1986-10,6.9507,7.4374,-0.2861,0
1986-11,6.2213,7.1254,-0.2985,0
1986-12,5.5133,7.0231,-0.239,0
1987-01,7.487,7.5059,0.0228,0
1987-02,7.8088,7.3574,0.1002,0
1987-03,7.8731,7.1167,0.1314,0
1987-04,8.0233,7.5443,0.1441,0
1987-05,9.2461,8.6261,0.567,1
1987-06,10.426,9.8829,1.4891,1
1987-07,10.426,10.1354,2.3528,1
1987-08,9.8039,9.5178,2.65,1
1987-09,9.4606,9.527,2.5314,1
1987-10,9.1389,9.7699,2.4096,1
1987-11,8.4524,9.6962,2.4691,1
1987-12,6.9078,8.788,2.2227,1
1988-01,8.8814,8.8719,1.9006,1
1988-02,10.426,9.843,1.8722,1
1988-03,10.2115,9.1833,1.9728,1
1988-04,9.3534,8.8062,1.938,1
1988-05,9.2676,8.6576,1.12,1
1988-06,8.9672,8.504,-0.0285,0
1988-07,8.9887,8.822,0.0053,0
1988-08,9.3534,9.1391,0.1658,0
1988-09,8.9887,9.0408,0.3447,1
1988-10,8.388,8.9597,0.3906,1
1988-11,7.723,8.8164,0.2831,0
1988-12,7.1652,9.0362,0.2815,0
1989-01,9.0316,8.9337,0.2728,0
1989-02,9.4392,8.9192,0.3071,1
1989-03,9.7181,8.6911,0.1921,0
1989-04,9.096,8.5829,0.0751,0
1989-05,7.7444,7.2642,-0.4766,0
1989-06,7.7659,7.4088,-0.4274,0
1989-07,7.3154,7.2739,-0.4363,0
1989-08,7.4441,7.3177,0.0178,0
1989-09,7.3797,7.442,0.0289,0
1989-10,7.0365,7.5155,0.1094,0
1989-11,5.8566,6.6113,-0.126,0
1989-12,5.7922,7.1743,-0.0892,0
1990-01,7.6372,7.4604,-0.0184,0
1990-02,8.2164,7.7571,0.3819,1
1990-03,9.4392,8.4383,0.8033,1
1990-04,11.0911,10.5161,1.8218,1
1990-05,12.1208,11.459,3.0558,1
1990-06,11.327,10.8951,3.8747,1
1990-07,10.426,10.4784,3.8622,1
1990-08,10.426,10.3032,3.4769,1
1990-09,9.8468,9.9596,3.165,1
1990-10,9.761,10.3832,3.1333,1
1990-11,9.9112,11.0324,3.3764,1
1990-12,9.5679,11.635,3.9349,1
1991-01,12.1637,11.749,4.3901,1
1991-02,12.7215,12.0121,4.3348,1
1991-03,13.7512,12.3375,4.1476,1
1991-04,13.172,12.5939,3.4107,1
1991-05,13.3436,12.732,2.4167,1
1991-06,11.3699,11.0348,1.9049,1
1991-07,8.7313,8.8101,0.6436,1
1991-08,9.3748,9.2595,-0.5139,0
1991-09,9.9755,10.0973,-0.3125,0
1991-10,10.1042,10.6903,0.6267,1
1991-11,10.4046,11.4572,1.3593,1
1991-12,9.8897,11.8386,1.9397,1
1992-01,11.2627,10.7932,1.9741,1
1992-02,14.5449,13.7814,2.7488,1
1992-03,14.6737,13.2719,3.2265,1
1992-04,14.0515,13.555,4.1471,1
1992-05,14.974,14.4253,4.3617,1
1992-06,11.8848,11.6112,3.8082,1
1992-07,12.2924,12.3378,3.4024,1
1992-08,13.5796,13.3682,3.0501,1
1992-09,13.2363,13.3533,3.6308,1
1992-10,13.4294,14.0928,3.589,1
1992-11,13.4723,14.7499,3.317,1
1992-12,10.7478,12.7699,2.5421,1
1993-01,13.837,13.2409,2.2238,1
1993-02,13.5152,12.908,0.8352,1
1993-03,13.4079,12.2249,0.3522,1
1993-04,14.0944,13.6908,0.5022,1
1993-05,12.2924,11.9154,0.1713,0
1993-06,11.3914,11.1552,-0.1852,0
1993-07,12.035,11.9534,-0.5791,0
1993-08,12.2495,11.9613,0.0153,0
1993-09,11.8204,11.8707,0.2538,0
1993-10,11.6488,12.1406,0.3162,1
1993-11,11.0481,12.12,0.3691,1
1993-12,10.6191,12.5997,0.6121,1
1994-01,12.7,12.2388,0.6449,1
1994-02,12.7429,12.2579,0.6908,1
1994-03,13.5367,12.4311,0.6346,1
1994-04,12.4426,12.1107,0.5919,1
1994-05,11.9063,11.5561,0.358,1
1994-06,12.5713,12.2663,0.303,1
1994-07,12.4211,12.1821,0.3268,1
1994-08,12.5498,12.1963,0.5249,1
1994-09,11.3699,11.3772,-0.0099,0
1994-10,10.4046,10.7835,-0.4662,0
1994-11,9.2032,10.1638,-0.6775,0
1994-12,8.1091,9.6595,-0.5726,0
1995-01,10.0184,9.7755,-0.336,0
1995-02,9.6108,9.3122,-0.2839,0
1995-03,10.2329,9.4198,-0.0799,0
1995-04,10.0184,9.7066,-0.023,0
1995-05,10.1042,9.7632,0.1503,0
1995-06,10.4904,10.168,0.3997,1
1995-07,11.1125,10.7955,0.7627,1
1995-08,11.1769,10.8519,1.1256,1
1995-09,11.7132,11.7222,1.6436,1
1995-10,11.4772,11.8873,2.0076,1
1995-11,11.1554,12.4008,2.5239,1
1995-12,10.6191,12.7013,2.8502,1
1996-01,11.9277,11.7784,2.8139,1
1996-02,13.3436,12.9854,3.0088,1
1996-03,14.4377,13.2889,3.2047,1
1996-04,13.9014,13.3318,3.7225,1
1996-05,13.601,13.0692,3.6001,1
1996-06,13.4723,12.9979,3.2537,1
1996-07,12.7858,12.3702,2.5702,1
1996-08,12.8287,12.5102,2.021,1
1996-09,12.0779,12.1385,1.2164,1
1996-10,11.6059,12.0274,0.7382,1
1996-11,10.4475,11.6033,-0.0804,0
1996-12,9.1174,10.926,-0.4042,0
1997-01,11.7775,11.7325,-0.0983,0
1997-02,12.7429,12.4062,0.2677,0
1997-03,13.601,12.4988,0.7919,1
1997-04,13.1505,12.5063,1.0498,1
1997-05,13.7083,13.1047,1.2827,1
1997-06,14.5878,14.062,1.8038,1
1997-07,13.9872,13.5838,2.1629,1
1997-08,13.7726,13.481,2.2884,1
1997-09,13.1505,13.3114,2.0382,1
1997-10,13.3221,13.7865,2.1057,1
1997-11,12.464,13.7195,2.1852,1
1997-12,11.8634,14.1908,2.4783,1
1998-01,17.0335,17.0864,3.5783,1
1998-02,18.0203,17.4998,4.5708,1
1998-03,19.1573,17.6078,5.1855,1
1998-04,19.0929,18.0671,5.2545,1
1998-05,19.05,18.1744,5.2465,1
1998-06,18.6853,18.0435,4.8707,1
1998-07,18.7497,18.3437,4.7284,1
1998-08,18.1919,17.8938,4.6349,1
1998-09,17.6985,18.0447,4.6353,1
1998-10,17.2051,17.7064,4.3553,1
1998-11,16.6473,18.0569,4.3302,1
1998-12,15.2958,18.1977,4.0881,1
1999-01,18.1061,18.2385,3.1654,1
1999-02,18.149,17.5768,1.7453,1
1999-03,19.1358,17.6402,0.4205,1
1999-04,18.8355,17.8193,-0.0461,0
1999-05,17.9559,17.1466,-0.1434,0
1999-06,18.0203,17.4824,-0.0526,0
1999-07,17.4196,17.1748,-0.2149,0
1999-08,17.8916,17.6547,0.1694,0
1999-09,17.0849,17.4442,0.1566,0
1999-10,17.5054,17.8909,0.3953,1
1999-11,17.175,18.3383,0.6232,1
1999-12,15.2443,18.0162,0.8139,1
2000-01,17.9173,18.0766,0.8758,1
2000-02,19.1015,18.5276,0.9389,1
2000-03,19.3697,17.9754,0.9253,1
2000-04,18.1533,17.1977,0.6323,1
2000-05,18.1168,17.3485,0.2393,0
2000-06,17.426,16.9724,-0.095,0
2000-07,16.8425,16.7135,-0.1614,0
2000-08,16.6688,16.4897,-0.2863,0
2000-09,15.7313,16.0164,-0.3187,0
2000-10,16.0895,16.3169,-0.1322,0
2000-11,14.5836,15.3531,-0.3789,0
2000-12,11.9642,14.0272,-0.663,0
2001-01,13.4723,13.6287,-0.8961,0
2001-02,13.7469,13.3818,-0.6571,0
2001-03,14.9053,13.93,-0.0324,0
2001-04,15.0276,14.2766,0.216,0
2001-05,16.2011,15.5536,0.9399,1
2001-06,14.9247,14.5908,1.1602,1
2001-07,14.4505,14.4187,1.2075,1
2001-08,14.59,14.4211,0.8301,1
2001-09,14.4999,14.6698,0.8564,1
2001-10,15.2872,15.4348,1.1951,1
2001-11,15.0019,15.6255,1.5966,1
2001-12,13.7855,16.0127,2.0442,1
2002-01,16.1131,16.4008,2.3662,1
2002-02,16.7138,16.3566,2.6099,1
2002-03,16.6452,15.6601,2.4923,1
2002-04,16.129,15.3329,1.9204,1
2002-05,15.3548,14.7476,0.77,1
2002-06,14.9677,14.6723,0.4407,1
2002-07,15.3548,15.3656,0.4517,1
2002-08,15.0968,14.9242,0.5105,1
2002-09,14.8387,14.9296,0.5699,1
2002-10,14.4516,14.5532,-0.0396,0
2002-11,14.0645,14.541,-0.1277,0
2002-12,13.5484,15.617,0.2291,0
2003-01,14.4516,14.8171,0.3171,1
2003-02,14.9677,14.6921,0.3675,1
2003-03,15.6129,14.7626,0.0827,0
2003-04,16.0,15.2008,0.2106,0
2003-05,16.6452,15.9881,0.6426,1
2003-06,16.7742,16.4927,1.2193,1
2003-07,16.5161,16.524,1.6603,1
2003-08,16.7742,16.5484,1.8471,1
2003-09,16.7742,16.8027,1.9504,1
2003-10,16.6452,16.8017,2.043,1
2003-11,15.7419,16.203,1.9279,1
2003-12,14.0645,16.1365,1.6231,1
2004-01,15.0968,15.5858,1.2178,1
2004-02,15.4839,15.2316,0.894,1
2004-03,16.5161,15.6668,0.7375,1
2004-04,16.9032,16.0184,0.7538,1
2004-05,15.7419,15.0937,0.2758,0
2004-06,15.0968,14.8555,-0.1722,0
2004-07,14.4516,14.4464,-0.524,0
2004-08,14.7097,14.4849,-0.2029,0
2004-09,14.0645,14.0774,-0.2594,0
2004-10,13.5484,13.7097,-0.2455,0
2004-11,13.8065,14.2045,-0.0935,0
2004-12,12.3871,14.2006,0.0411,0
2005-01,13.1613,13.6757,0.0297,0
2005-02,13.8065,13.5603,-0.185,0
2005-03,13.9355,13.2113,-0.3297,0
2005-04,13.9355,13.1783,-0.1658,0
2005-05,13.1613,12.5808,-0.3265,0
2005-06,12.129,11.9447,-0.4222,0
2005-07,12.129,12.1066,-0.3573,0
2005-08,12.129,11.9043,-0.2255,0
2005-09,12.3871,12.4209,0.1587,0
2005-10,12.3871,12.6105,0.3267,1
2005-11,12.3871,12.7729,0.6163,1
2005-12,10.8387,12.4409,0.6229,1
2006-01,12.0,12.5237,0.594,1
2006-02,13.0323,12.7638,0.591,1
2006-03,13.4194,12.6885,0.6735,1
2006-04,13.4194,12.6456,0.7141,1
2006-05,13.1613,12.513,0.6305,1
2006-06,13.4194,13.2302,0.8111,1
2006-07,13.8065,13.7607,1.1828,1
2006-08,13.6774,13.4162,1.4839,1
2006-09,12.9032,12.9892,1.2448,1
2006-10,12.6452,12.9403,0.8034,1
2006-11,12.2581,12.7118,0.3043,1
2006-12,10.8387,12.4526,0.1254,0
2007-01,12.0,12.5343,-0.0099,0
2007-02,12.7742,12.4635,-0.0828,0
2007-03,13.1613,12.3975,-0.0184,0
2007-04,13.1613,12.3873,-0.049,0
2007-05,13.1613,12.4501,-0.0045,0
2007-06,12.5161,12.3445,-0.0177,0
2007-07,12.2581,12.1803,-0.069,0
2007-08,12.2581,12.0075,-0.1475,0
2007-09,11.6129,11.7522,-0.1974,0
2007-10,11.2258,11.5658,-0.2048,0
2007-11,10.5806,11.064,-0.3145,0
2007-12,9.5484,10.973,-0.2597,0
2008-01,10.3226,10.7452,-0.2735,0
2008-02,11.2258,10.9222,-0.0473,0
2008-03,11.0968,10.4232,-0.1833,0
2008-04,10.9677,10.3191,-0.142,0
2008-05,10.1935,9.5972,-0.4417,0
2008-06,10.0645,9.907,-0.1721,0
2008-07,10.4516,10.3605,0.0138,0
2008-08,9.8065,9.6126,0.0189,0
2008-09,9.9355,10.1024,0.084,0
2008-10,9.6774,10.0055,-0.0343,0
2008-11,9.8065,10.3685,0.252,0
2008-12,8.7742,10.0568,0.2368,0
2009-01,10.5806,10.9653,0.5567,1
2009-02,10.9677,10.6698,0.6571,1
2009-03,11.6129,10.8797,0.9314,1
2009-04,11.4839,10.802,0.877,1
2009-05,11.3548,10.6697,0.877,1
2009-06,10.4516,10.2467,0.666,1
2009-07,10.3226,10.2011,0.4657,1
2009-08,10.4516,10.2604,0.3293,1
2009-09,9.9355,10.1445,0.2952,0
2009-10,9.6774,10.0466,0.2437,0
2009-11,9.4194,10.0533,-0.0621,0
2009-12,8.7742,10.0068,-0.0459,0
2010-01,9.2903,9.5923,-0.1514,0
2010-02,9.5484,9.2904,-0.2543,0
2010-03,9.8065,9.1737,-0.2777,0
2010-04,9.4194,8.8471,-0.2484,0
2010-05,9.5484,8.9875,-0.101,0
2010-06,9.0323,8.8216,-0.1173,0
2010-07,8.9032,8.7763,-0.0236,0
2010-08,8.6452,8.5167,-0.1569,0
2010-09,8.0,8.183,-0.2129,0
2010-10,7.7419,8.0427,-0.2445,0
2010-11,7.3548,7.8986,-0.2061,0
2010-12,6.8387,7.7425,-0.1468,0
2011-01,7.7419,7.9841,-0.0195,0
2011-02,8.129,7.9228,0.0081,0
2011-03,8.2581,7.7217,0.0011,0
2011-04,8.2581,7.7561,-0.0749,0
2011-05,8.129,7.6881,-0.0782,0
2011-06,8.0,7.7871,0.0218,0
2011-07,7.7419,7.6029,-0.0292,0
2011-08,7.7419,7.6456,-0.0142,0
2011-09,7.7419,7.9244,0.0458,0
2011-10,7.3548,7.6393,0.0579,0
2011-11,6.7097,7.2248,-0.0824,0
2011-12,6.0645,6.8112,-0.3711,0
2012-01,7.0968,7.3215,-0.1059,0
2012-02,7.3548,7.1766,-0.016,0
2012-03,8.0,7.4878,0.2256,0
2012-04,7.8,7.3287,0.228,0
2012-05,7.7,7.3328,0.28,0
2012-06,7.6,7.3844,0.2455,0
2012-07,7.5,7.3537,0.2539,0
2012-08,7.3,7.2233,0.2174,0
2012-09,7.1,7.2546,0.1741,0
2012-10,6.9,7.1505,0.1064,0
2012-11,6.8,7.3167,0.1375,0
2012-12,6.9,7.6696,0.2759,0
2013-01,7.2,7.4427,0.3733,1
2013-02,7.8,7.6326,0.4786,1
2013-03,8.0,7.5005,0.3158,1
2013-04,7.9,7.4266,0.3105,1
2013-05,7.6,7.2867,0.1952,0
2013-06,7.5,7.2968,0.1272,0
2013-07,7.4,7.25,0.0684,0
2013-08,7.2,7.1363,0.0182,0
2013-09,7.0,7.1356,-0.0355,0
2013-10,6.8,7.0449,-0.0684,0
2013-11,6.5,6.961,-0.0584,0
2013-12,6.2,6.8105,-0.1084,0
2014-01,6.5,6.7291,-0.1053,0
2014-02,6.8,6.6644,-0.0988,0
2014-03,7.2,6.7602,-0.0168,0
2014-04,7.2,6.7795,0.0168,0
2014-05,7.0,6.7508,0.0456,0
2014-06,6.9,6.7385,0.0384,0
2014-07,7.0,6.8736,0.0697,0
2014-08,7.0,6.9525,0.137,0
2014-09,6.8,6.9157,0.196,0
2014-10,6.7,6.9365,0.217,0
2014-11,6.6,7.0157,0.238,0
2014-12,6.6,7.1607,0.3197,1
2015-01,6.9,7.1398,0.3875,1
2015-02,7.5,7.3711,0.506,1
2015-03,8.0,7.5227,0.6266,1
2015-04,8.1,7.6534,0.781,1
2015-05,8.2,7.937,0.9481,1
2015-06,8.4,8.2409,1.1875,1
2015-07,8.6,8.4668,1.4272,1
2015-08,8.8,8.7558,1.6329,1
2015-09,9.0,9.145,1.8752,1
2015-10,9.1,9.4187,2.1716,1
2015-11,9.1,9.6057,2.4339,1
2015-12,9.1,9.768,2.5599,1
2016-01,9.6,9.8978,2.6518,1
2016-02,10.3,10.1325,2.7089,1
2016-03,11.0,10.3748,2.7905,1
2016-04,11.3,10.7317,2.8973,1
2016-05,11.3,10.9658,2.9864,1
2016-06,11.4,11.217,3.0278,1
2016-07,11.7,11.5677,3.0353,1
2016-08,11.9,11.8634,3.0616,1
2016-09,11.9,12.066,3.0432,1
2016-10,11.9,12.2939,2.968,1
2016-11,12.0,12.5923,2.9276,1
2016-12,12.1,12.8813,2.9917,1
2017-01,12.7,13.0423,3.0815,1
2017-02,13.3,13.1027,3.076,1
2017-03,13.9,13.1631,2.9676,1
2017-04,13.7,13.0848,2.7038,1
2017-05,13.4,13.028,2.4012,1
2017-06,13.1,12.9109,2.0364,1
2017-07,12.9,12.7855,1.658,1
2017-08,12.7,12.6771,1.2418,1
2017-09,12.5,12.6438,0.8698,1
2017-10,12.3,12.6825,0.5934,1
2017-11,12.1,12.6512,0.3418,1
2017-12,11.9,12.5892,0.0518,0
2018-01,12.3,12.5971,-0.0285,0
2018-02,12.7,12.507,-0.0481,0
2018-03,13.2,12.5455,-0.0146,0
2018-04,13.0,12.4955,-0.0339,0
2018-05,12.8,12.463,-0.0147,0
2018-06,12.6,12.4252,-0.0401,0
2018-07,12.4,12.3118,-0.0612,0
2018-08,12.2,12.1929,-0.09,0
2018-09,12.0,12.1021,-0.1077,0
2018-10,11.8,12.138,-0.0579,0
2018-11,11.7,12.2006,0.0026,0
2018-12,11.7,12.3359,0.0805,0
2019-01,12.2,12.4739,0.1925,0
2019-02,12.5,12.3016,0.2261,0
2019-03,12.8,12.1917,0.1781,0
2019-04,12.6,12.1654,0.0752,0
2019-05,12.4,12.0963,0.0068,0
2019-06,12.1,11.9483,-0.0743,0
2019-07,11.9,11.8222,-0.1144,0
2019-08,11.9,11.8969,-0.0665,0
2019-09,11.9,11.9793,0.0103,0
2019-10,11.7,12.0225,0.0771,0
2019-11,11.3,11.7763,0.0369,0
2019-12,11.1,11.6867,-0.0606,0
2020-01,11.3,11.5301,-0.1641,0
2020-02,11.7,11.4815,-0.0982,0
2020-03,12.4,11.8044,0.0392,0
2020-04,12.7,12.2912,0.2929,0
2020-05,13.1,12.7948,0.7307,1
2020-06,13.6,13.4618,1.2832,1
2020-07,14.1,14.0347,1.8643,1
2020-08,14.8,14.816,2.538,1
2020-09,14.9,14.9987,3.0503,1
2020-10,14.6,15.0122,3.3762,1
2020-11,14.3,14.9016,3.4047,1
2020-12,14.2,14.944,3.3865,1
2021-01,14.4,14.6568,3.268,1
2021-02,14.6,14.2586,3.0537,1
2021-03,14.9,14.1311,2.7435,1
2021-04,14.8,14.3091,2.3739,1
2021-05,14.7,14.3882,1.9793,1
2021-06,14.2,14.1057,1.4184,1
2021-07,13.7,13.663,0.6219,1
2021-08,13.2,13.2493,-0.3796,0
2021-09,12.7,12.8238,-0.4273,0
2021-10,12.1,12.4766,-0.3955,0
2021-11,11.6,12.1174,-0.3773,0
2021-12,11.1,11.6782,-0.3819,0
2022-01,11.2,11.3523,-0.3748,0
2022-02,11.2,10.8584,-0.4197,0
2022-03,11.1,10.4556,-0.4075,0
2022-04,10.5,10.1117,-0.4135,0
2022-05,9.8,9.601,-0.4191,0
2022-06,9.3,9.2802,-0.3918,0
2022-07,9.1,9.1093,-0.3341,0
2022-08,8.9,8.9784,-0.2075,0
2022-09,8.7,8.8282,-0.1507,0
2022-10,8.3,8.5933,-0.172,0
2022-11,8.1,8.4938,-0.1615,0
2022-12,7.9,8.3094,-0.1729,0
2023-01,8.4,8.4749,-0.0395,0
2023-02,8.6,8.2672,-0.0755,0
2023-03,8.8,8.2226,-0.0289,0
2023-04,8.5,8.1331,-0.1139,0
2023-05,8.3,8.139,-0.0427,0
2023-06,8.0,8.0196,-0.0677,0
2023-07,7.9,7.9415,-0.0639,0
2023-08,7.8,7.9112,-0.0759,0
2023-09,7.7,7.8538,-0.0552,0
2023-10,7.6,7.9055,-0.012,0
2023-11,7.5,7.9038,-0.0025,0
2023-12,7.4,7.7871,-0.0222,0
2024-01,7.6,7.6341,-0.0905,0
2024-02,7.8,7.439,-0.1549,0
2024-03,7.9,7.3251,-0.154,0
2024-04,7.5,7.131,-0.1677,0
2024-05,7.1,6.9566,-0.1608,0
2024-06,6.9,6.9426,-0.1275,0
2024-07,6.8,6.8696,-0.0871,0
2024-08,6.6,6.7277,-0.0763,0
2024-09,6.4,6.5526,-0.13,0
2024-10,6.2,6.4729,-0.1323,0
2024-11,6.1,6.4536,-0.0914,0
2024-12,6.2,6.5257,-0.009,0
2025-01,6.5,6.5151,0.0141,0
2025-02,6.8,6.4486,0.0124,0
2025-03,7.0,6.4536,-0.0116,0
2025-04,6.6,6.2459,-0.0897,0
2025-05,6.2,6.073,-0.1252,0
2025-06,5.8,5.8465,-0.2024,0
2025-07,5.6,5.675,-0.1903,0
2025-08,5.6,5.7256,-0.1158,0
2025-09,5.6,5.7466,-0.0333,0
2025-10,5.4,5.6496,-0.0085,0
2025-11,5.2,5.519,-0.0689,0
2025-12,5.1,5.37,-0.1255,0
2026-01,5.4,5.4091,-0.0802,0
2026-02,5.8,5.4834,-0.0119,0
2026-03,6.1,5.6046,0.0782,0
2026-04,5.8,5.4746,0.1,0
2026-05,5.6,5.4792,0.0986,0
2026-06,5.4,5.4465,0.0459,0
2026-07,5.3,5.382,0.0151,0
